<?xml version="1.0" encoding="UTF-8"?>
<GenRun Id="impl_1" LaunchPart="xc7a35tcpg236-1" LaunchTime="1702827795">
  <File Type="BITSTR-BMM" Name="vgaTopMod_bd.bmm"/>
  <File Type="OPT-METHODOLOGY-DRC" Name="vgaTopMod_methodology_drc_opted.rpt"/>
  <File Type="INIT-TIMING" Name="vgaTopMod_timing_summary_init.rpt"/>
  <File Type="ROUTE-PWR" Name="vgaTopMod_power_routed.rpt"/>
  <File Type="PA-TCL" Name="vgaTopMod.tcl"/>
  <File Type="OPT-TIMING" Name="vgaTopMod_timing_summary_opted.rpt"/>
  <File Type="OPT-DCP" Name="vgaTopMod_opt.dcp"/>
  <File Type="ROUTE-PWR-SUM" Name="vgaTopMod_power_summary_routed.pb"/>
  <File Type="REPORTS-TCL" Name="vgaTopMod_reports.tcl"/>
  <File Type="OPT-DRC" Name="vgaTopMod_drc_opted.rpt"/>
  <File Type="OPT-HWDEF" Name="vgaTopMod.hwdef"/>
  <File Type="PWROPT-DCP" Name="vgaTopMod_pwropt.dcp"/>
  <File Type="PWROPT-DRC" Name="vgaTopMod_drc_pwropted.rpt"/>
  <File Type="PWROPT-TIMING" Name="vgaTopMod_timing_summary_pwropted.rpt"/>
  <File Type="PLACE-DCP" Name="vgaTopMod_placed.dcp"/>
  <File Type="PLACE-IO" Name="vgaTopMod_io_placed.rpt"/>
  <File Type="PLACE-CLK" Name="vgaTopMod_clock_utilization_placed.rpt"/>
  <File Type="PLACE-UTIL" Name="vgaTopMod_utilization_placed.rpt"/>
  <File Type="PLACE-UTIL-PB" Name="vgaTopMod_utilization_placed.pb"/>
  <File Type="PLACE-CTRL" Name="vgaTopMod_control_sets_placed.rpt"/>
  <File Type="PLACE-SIMILARITY" Name="vgaTopMod_incremental_reuse_placed.rpt"/>
  <File Type="PLACE-PRE-SIMILARITY" Name="vgaTopMod_incremental_reuse_pre_placed.rpt"/>
  <File Type="PLACE-TIMING" Name="vgaTopMod_timing_summary_placed.rpt"/>
  <File Type="POSTPLACE-PWROPT-DCP" Name="vgaTopMod_postplace_pwropt.dcp"/>
  <File Type="BG-BIN" Name="vgaTopMod.bin"/>
  <File Type="POSTPLACE-PWROPT-TIMING" Name="vgaTopMod_timing_summary_postplace_pwropted.rpt"/>
  <File Type="PHYSOPT-DCP" Name="vgaTopMod_physopt.dcp"/>
  <File Type="PHYSOPT-DRC" Name="vgaTopMod_drc_physopted.rpt"/>
  <File Type="BITSTR-MSK" Name="vgaTopMod.msk"/>
  <File Type="PHYSOPT-TIMING" Name="vgaTopMod_timing_summary_physopted.rpt"/>
  <File Type="ROUTE-ERROR-DCP" Name="vgaTopMod_routed_error.dcp"/>
  <File Type="ROUTE-DCP" Name="vgaTopMod_routed.dcp"/>
  <File Type="ROUTE-BLACKBOX-DCP" Name="vgaTopMod_routed_bb.dcp"/>
  <File Type="ROUTE-DRC" Name="vgaTopMod_drc_routed.rpt"/>
  <File Type="ROUTE-DRC-PB" Name="vgaTopMod_drc_routed.pb"/>
  <File Type="ROUTE-DRC-RPX" Name="vgaTopMod_drc_routed.rpx"/>
  <File Type="BITSTR-MMI" Name="vgaTopMod.mmi"/>
  <File Type="ROUTE-METHODOLOGY-DRC" Name="vgaTopMod_methodology_drc_routed.rpt"/>
  <File Type="ROUTE-METHODOLOGY-DRC-RPX" Name="vgaTopMod_methodology_drc_routed.rpx"/>
  <File Type="ROUTE-METHODOLOGY-DRC-PB" Name="vgaTopMod_methodology_drc_routed.pb"/>
  <File Type="ROUTE-PWR-RPX" Name="vgaTopMod_power_routed.rpx"/>
  <File Type="ROUTE-STATUS" Name="vgaTopMod_route_status.rpt"/>
  <File Type="ROUTE-STATUS-PB" Name="vgaTopMod_route_status.pb"/>
  <File Type="ROUTE-TIMINGSUMMARY" Name="vgaTopMod_timing_summary_routed.rpt"/>
  <File Type="ROUTE-TIMING-PB" Name="vgaTopMod_timing_summary_routed.pb"/>
  <File Type="ROUTE-TIMING-RPX" Name="vgaTopMod_timing_summary_routed.rpx"/>
  <File Type="ROUTE-SIMILARITY" Name="vgaTopMod_incremental_reuse_routed.rpt"/>
  <File Type="ROUTE-CLK" Name="vgaTopMod_clock_utilization_routed.rpt"/>
  <File Type="ROUTE-BUS-SKEW" Name="vgaTopMod_bus_skew_routed.rpt"/>
  <File Type="ROUTE-BUS-SKEW-PB" Name="vgaTopMod_bus_skew_routed.pb"/>
  <File Type="ROUTE-BUS-SKEW-RPX" Name="vgaTopMod_bus_skew_routed.rpx"/>
  <File Type="POSTROUTE-PHYSOPT-DCP" Name="vgaTopMod_postroute_physopt.dcp"/>
  <File Type="POSTROUTE-PHYSOPT-BLACKBOX-DCP" Name="vgaTopMod_postroute_physopt_bb.dcp"/>
  <File Type="POSTROUTE-PHYSOPT-TIMING" Name="vgaTopMod_timing_summary_postroute_physopted.rpt"/>
  <File Type="POSTROUTE-PHYSOPT-TIMING-PB" Name="vgaTopMod_timing_summary_postroute_physopted.pb"/>
  <File Type="POSTROUTE-PHYSOPT-TIMING-RPX" Name="vgaTopMod_timing_summary_postroute_physopted.rpx"/>
  <File Type="POSTROUTE-PHYSOPT-BUS-SKEW" Name="vgaTopMod_bus_skew_postroute_physopted.rpt"/>
  <File Type="POSTROUTE-PHYSOPT-BUS-SKEW-PB" Name="vgaTopMod_bus_skew_postroute_physopted.pb"/>
  <File Type="BG-BIT" Name="vgaTopMod.bit"/>
  <File Type="POSTROUTE-PHYSOPT-BUS-SKEW-RPX" Name="vgaTopMod_bus_skew_postroute_physopted.rpx"/>
  <File Type="BITSTR-RBT" Name="vgaTopMod.rbt"/>
  <File Type="BITSTR-NKY" Name="vgaTopMod.nky"/>
  <File Type="PDI-FILE" Name="vgaTopMod.pdi"/>
  <File Type="RCFI_FILE" Name="vgaTopMod.rcfi"/>
  <File Type="CFI_FILE" Name="vgaTopMod.cfi"/>
  <File Type="RNPI_FILE" Name="vgaTopMod.rnpi"/>
  <File Type="NPI_FILE" Name="vgaTopMod.npi"/>
  <File Type="RBD_FILE" Name="vgaTopMod.rbd"/>
  <File Type="BITSTR-LTX" Name="debug_nets.ltx"/>
  <File Type="BITSTR-LTX" Name="vgaTopMod.ltx"/>
  <File Type="BITSTR-SYSDEF" Name="vgaTopMod.sysdef"/>
  <File Type="BG-BGN" Name="vgaTopMod.bgn"/>
  <File Type="BG-DRC" Name="vgaTopMod.drc"/>
  <File Type="RDI-RDI" Name="vgaTopMod.vdi"/>
  <File Type="WBT-USG" Name="usage_statistics_webtalk.html"/>
  <FileSet Name="sources" Type="DesignSrcs" RelSrcDir="$PSRCDIR/sources_1">
    <Filter Type="Srcs"/>
    <File Path="$PSRCDIR/sources_1/new/DEBOUNCE.v">
      <FileInfo>
        <Attr Name="UsedIn" Val="synthesis"/>
        <Attr Name="UsedIn" Val="implementation"/>
        <Attr Name="UsedIn" Val="simulation"/>
      </FileInfo>
    </File>
    <File Path="$PSRCDIR/sources_1/new/clk_div.v">
      <FileInfo>
        <Attr Name="UsedIn" Val="synthesis"/>
        <Attr Name="UsedIn" Val="implementation"/>
        <Attr Name="UsedIn" Val="simulation"/>
      </FileInfo>
    </File>
    <File Path="$PSRCDIR/sources_1/new/counter.v">
      <FileInfo>
        <Attr Name="UsedIn" Val="synthesis"/>
        <Attr Name="UsedIn" Val="implementation"/>
        <Attr Name="UsedIn" Val="simulation"/>
      </FileInfo>
    </File>
    <File Path="$PSRCDIR/sources_1/new/pixel_gen.v">
      <FileInfo>
        <Attr Name="UsedIn" Val="synthesis"/>
        <Attr Name="UsedIn" Val="implementation"/>
        <Attr Name="UsedIn" Val="simulation"/>
      </FileInfo>
    </File>
    <File Path="$PSRCDIR/sources_1/new/topLevelModule.v">
      <FileInfo>
        <Attr Name="UsedIn" Val="synthesis"/>
        <Attr Name="UsedIn" Val="implementation"/>
        <Attr Name="UsedIn" Val="simulation"/>
      </FileInfo>
    </File>
    <File Path="$PSRCDIR/sources_1/new/v_counter.v">
      <FileInfo>
        <Attr Name="UsedIn" Val="synthesis"/>
        <Attr Name="UsedIn" Val="implementation"/>
        <Attr Name="UsedIn" Val="simulation"/>
      </FileInfo>
    </File>
    <File Path="$PSRCDIR/sources_1/new/vga_sync.v">
      <FileInfo>
        <Attr Name="UsedIn" Val="synthesis"/>
        <Attr Name="UsedIn" Val="implementation"/>
        <Attr Name="UsedIn" Val="simulation"/>
      </FileInfo>
    </File>
    <File Path="$PSRCDIR/sources_1/new/vgaTopMod.v">
      <FileInfo>
        <Attr Name="UsedIn" Val="synthesis"/>
        <Attr Name="UsedIn" Val="implementation"/>
        <Attr Name="UsedIn" Val="simulation"/>
      </FileInfo>
    </File>
    <Config>
      <Option Name="DesignMode" Val="RTL"/>
      <Option Name="TopModule" Val="vgaTopMod"/>
    </Config>
  </FileSet>
  <FileSet Name="constrs_in" Type="Constrs" RelSrcDir="$PSRCDIR/constrs_2">
    <File Path="$PSRCDIR/constrs_2/new/NEW_FNL.xdc">
      <FileInfo>
        <Attr Name="UsedIn" Val="synthesis"/>
        <Attr Name="UsedIn" Val="implementation"/>
      </FileInfo>
    </File>
    <Config>
      <Option Name="TargetConstrsFile" Val="$PSRCDIR/constrs_2/new/NEW_FNL.xdc"/>
      <Option Name="ConstrsType" Val="XDC"/>
    </Config>
  </FileSet>
  <FileSet Name="utils" Type="Utils" RelSrcDir="$PSRCDIR/utils_1">
    <Filter Type="Utils"/>
    <Config>
      <Option Name="TopAutoSet" Val="TRUE"/>
    </Config>
  </FileSet>
  <Strategy Version="1" Minor="2">
    <StratHandle Name="Vivado Implementation Defaults" Flow="Vivado Implementation 2020"/>
    <Step Id="init_design"/>
    <Step Id="opt_design"/>
    <Step Id="power_opt_design"/>
    <Step Id="place_design"/>
    <Step Id="post_place_power_opt_design"/>
    <Step Id="phys_opt_design"/>
    <Step Id="route_design"/>
    <Step Id="post_route_phys_opt_design"/>
    <Step Id="write_bitstream"/>
  </Strategy>
</GenRun>
